time,north,east,south,west
2,0,0,0,200
360.0,0.0,0.0,0.0,200.0
5652.0,177.29034,104.839455,101.25048,174.02855
10680.0,52.900875,79.120636,131.23929,190.4671
15706.0,162.18935,157.30435,175.47417,174.0705
20731.0,5.6293726,190.2768,174.42958,183.78127
25756.0,129.85155,132.5569,128.43246,118.84955
30790.0,16.872179,26.45589,169.76576,176.61674
35812.0,2.009809,65.51766,31.641138,63.484226
40830.0,142.21712,114.705505,18.120838,2.5553226
41201.0,0.0,0.0,0.0,200.0
46470.0,79.332054,115.787384,115.85418,118.49117
51496.0,9.737265,126.01145,38.922455,128.53903
56539.0,26.300573,57.745266,113.07771,181.3241
61588.0,136.17874,2.7212381,108.220634,94.82742
66623.0,191.87985,154.19821,155.39726,154.15768
71673.0,73.0044,153.47548,116.14121,164.71904
76688.0,59.512962,85.032616,138.78223,87.18792
81705.0,188.62358,135.98935,56.862926,178.54999
86719.0,49.46084,149.9015,164.33601,133.34389
91734.0,15.886391,75.54391,13.395977,58.06253
96746.0,19.046629,23.62622,126.95494,181.28839
101762.0,165.7085,199.32423,5.346799,105.12897
106783.0,93.1782,42.68433,95.40584,33.03174
111800.0,171.3923,164.60321,142.31348,98.88789
116816.0,0.64327717,61.046505,176.35774,96.89223
121829.0,70.48652,185.9282,116.95111,135.95251
126844.0,30.92941,192.7271,76.97328,172.20105
131857.0,48.40876,61.19497,96.94188,4.6393394
136870.0,71.828636,118.76437,158.98587,39.063393
141905.0,91.689125,72.469055,56.549583,161.70483
146917.0,139.84486,77.947975,11.759114,34.651566
151928.0,128.57509,194.64215,126.13404,88.86666
156941.0,173.42941,183.46289,62.644768,196.91998
161955.0,170.87105,83.48687,31.945658,146.42528
166967.0,23.328363,111.72075,90.0267,87.29612
171984.0,113.268456,134.40044,148.71648,12.590349
176996.0,144.83281,95.0005,107.75771,65.81525
182006.0,95.05584,104.10398,94.00836,199.6561
187018.0,73.48113,116.122665,149.26695,185.33125
192029.0,83.979965,169.79094,155.97523,171.9582
197048.0,148.77017,51.232304,195.4359,195.84937
202065.0,3.1630516,63.694477,165.14093,55.584454
207079.0,139.69017,35.86805,62.411034,5.6915402
212092.0,89.36322,65.770515,95.989845,26.099693
217106.0,21.405579,139.84535,93.84176,133.11795
222121.0,44.49836,163.1694,115.61298,188.08563
227137.0,154.16255,128.08444,186.60234,0.19388199
232154.0,122.23644,192.3959,184.34674,119.08425
237164.0,123.51095,57.364475,19.877148,170.10358
242187.0,177.58803,68.53384,57.287968,40.57312
247203.0,115.18673,113.08715,154.55856,9.777964
252212.0,99.81954,75.63795,35.763264,199.8899
257237.0,118.50889,25.484716,123.227356,171.61671
262253.0,147.63884,43.37245,74.276566,99.562225
267266.0,78.90207,21.308577,140.55556,131.24908
272277.0,110.48715,67.202255,61.153603,94.28841
277287.0,153.16443,164.88663,29.792416,192.69221
282298.0,130.90463,42.919205,60.047924,190.85333
287318.0,60.35808,121.538635,183.06389,77.92981
292333.0,40.319157,81.012344,24.667847,32.55309
297344.0,166.70685,36.690857,51.53687,54.847538
302360.0,184.24112,42.36802,180.52943,27.240885
307369.0,194.64435,165.63245,196.06952,125.62648
312419.0,142.72981,194.01166,105.235504,186.89572
317435.0,104.16304,111.70796,119.789185,97.109116
322484.0,88.12957,122.080315,132.72664,86.6547
327495.0,158.8725,34.841526,151.10991,185.31699
332509.0,164.45667,158.9408,57.144547,22.538603
337520.0,59.683464,177.6401,149.02213,168.21303
342560.0,21.451271,82.34579,18.394398,149.63948
347578.0,105.7915,122.92479,162.05649,193.96577
352591.0,91.190636,126.745865,114.187416,116.32826
357604.0,25.642168,144.39043,188.14545,176.38622
362631.0,156.29362,10.352671,102.290535,75.07911
367646.0,9.8176,41.195618,54.675198,64.87293
372658.0,26.128447,126.2747,131.90526,146.79675
377667.0,173.29176,157.63676,166.34192,163.11452
382679.0,111.06919,72.02371,174.54327,43.07164
387690.0,176.25989,80.66112,52.99592,88.96276
392703.0,164.72873,98.91669,112.46134,9.577084
397716.0,40.755047,180.82567,90.47803,117.30379
402730.0,50.229095,51.374115,86.66371,143.86165
407740.0,114.523026,116.41004,64.52241,128.4189
412752.0,78.95285,135.84286,106.67532,62.07887
417778.0,54.134117,55.743183,1.1208653,196.24033
422789.0,68.85173,10.047674,80.73454,41.735767
427801.0,26.068306,89.405396,96.31363,194.07172
432822.0,174.272,15.502251,137.74934,151.33041
437839.0,57.518566,101.81838,44.19192,69.756874
442849.0,150.38838,89.6875,181.30632,92.78795
447869.0,7.914102,50.8381,183.96811,47.94445
452884.0,32.721565,189.03087,41.21717,128.89365
457906.0,177.67375,164.31621,65.28956,154.01042
462955.0,35.846794,129.79733,169.53244,145.46054
467971.0,122.45735,4.197991,65.54224,122.364174
472981.0,5.2841425,11.229467,165.64793,6.758034
477997.0,199.19055,71.5757,183.71109,151.27805
483009.0,192.69383,23.749876,109.07423,102.76758
488020.0,134.39685,30.218304,82.43387,97.044205
493032.0,66.882385,64.76661,128.63527,158.11966
498046.0,75.87769,111.44977,53.20581,162.17717
503063.0,121.75889,185.59836,43.307148,175.10638
508079.0,165.54005,29.8499,39.262726,125.543655
513094.0,197.26295,75.26275,72.60357,16.95199
518110.0,54.178165,187.10303,166.49036,86.71627
523124.0,90.4188,150.34763,133.35979,2.5638103
528144.0,168.27428,70.42167,4.7783732,152.51091
533162.0,1.0529757,164.91223,114.96226,180.27415
538177.0,134.39069,162.32372,10.557318,80.58247
543187.0,30.345858,180.34082,156.5163,75.623405
548231.0,168.48376,170.1431,85.827446,13.116908
553252.0,130.26985,42.298935,137.13948,67.02348
558261.0,45.477642,156.506,129.80873,83.07221
563272.0,188.10007,0.41812658,134.51407,133.17964
568294.0,78.693855,6.1053753,56.411125,56.08468
573305.0,122.566185,176.06213,107.02646,137.43808
578317.0,159.24065,199.45901,4.045427,83.0711
583333.0,166.84682,34.50378,111.26768,66.76553
588353.0,132.22333,80.93734,173.86421,81.72128
593399.0,118.49067,50.068592,179.36371,126.85608
598418.0,19.645191,106.19875,98.343704,39.4896
603442.0,47.48142,166.27744,149.55017,109.89996
608460.0,39.12636,133.27243,164.18709,36.358486
613479.0,171.04637,47.747375,68.60049,197.83748
618510.0,13.075185,81.87913,91.850296,22.560226
623525.0,127.44143,96.58631,66.163315,141.46078
628535.0,14.70536,27.182972,8.56167,154.60834
633550.0,110.827705,163.24342,38.75847,164.51512
638569.0,155.29924,17.018436,142.52715,192.40303
643578.0,65.48847,20.254362,75.12779,181.99011
648591.0,81.375755,5.737889,13.08279,90.83997
653608.0,180.01712,187.04625,104.831245,193.0809
658621.0,20.929384,83.17754,94.877174,81.26528
663632.0,70.74032,194.94456,158.42465,11.837971
668648.0,94.66404,43.84028,93.73603,31.283796
673657.0,98.52303,63.750015,90.25061,32.313393
678676.0,91.15385,89.24592,187.68213,95.841805
683699.0,24.234844,24.730755,33.819244,90.050575
688716.0,194.12054,85.50104,58.65357,28.169441
693725.0,75.54009,169.60114,34.95103,78.05333
698742.0,45.524944,108.49179,68.784035,6.082034
703784.0,71.306885,131.0352,39.299057,2.9095054
708797.0,29.927837,0.7047534,119.6789,47.303616
713818.0,129.81299,107.48979,98.56351,25.533045
718831.0,173.58342,136.53284,173.94121,36.890232
723847.0,73.05942,133.58804,103.65641,121.02796
728864.0,165.98627,147.02408,115.272095,70.49415
729230.0,0.0,0.0,0.0,200.0
729656.0,0.0,0.0,0.0,200.0
734937.0,28.451157,87.85998,13.846886,122.0455
739986.0,33.606064,110.04312,66.43293,4.7691226
745011.0,101.15677,129.09981,2.9385805,113.81289
750042.0,176.38577,59.22551,62.14546,92.52071
755063.0,104.262115,8.981121,176.61212,0.03349781
760081.0,135.85202,23.794699,178.45023,20.160473
765100.0,177.80855,116.78871,154.47508,126.53078
770117.0,118.01815,105.30914,103.22694,12.0653515
775130.0,130.77992,79.499794,90.5408,187.4038
780149.0,7.4205875,54.94306,134.81879,85.46604
785165.0,38.04296,193.03627,107.032646,149.89294
790188.0,142.83325,177.77199,48.48094,8.890414
795210.0,13.300419,11.450243,1.7974973,71.317116
800227.0,61.90535,8.202589,143.63147,160.15239
805243.0,20.294237,24.810637,92.39634,104.32924
810261.0,89.948425,53.037308,148.74184,31.01157
815273.0,93.28552,114.56646,182.79097,77.55621
820297.0,47.51246,134.79694,99.18043,19.574106
825313.0,77.87707,39.42021,42.647587,185.76079
830328.0,82.05499,10.307562,123.04982,1.7007589
835342.0,174.53293,175.25273,74.629715,126.98213
840352.0,90.92144,188.19038,71.03426,179.13326
845364.0,169.68896,109.398476,11.654102,83.68322
850373.0,196.01843,23.776495,108.500885,64.74546
855388.0,73.13743,72.57813,133.93532,60.752453
860403.0,54.97656,31.100964,151.57477,184.27127
865415.0,145.40703,181.05334,24.745798,65.27799
870429.0,49.26249,119.01358,173.6342,149.05612
875443.0,195.14998,57.07604,94.170044,41.333305
880465.0,176.61502,132.0766,134.64925,185.82477
885480.0,154.08572,197.46242,191.73305,157.58266
890495.0,193.3431,56.802155,193.0135,197.15297
895511.0,95.84068,68.1303,1.634717,186.33582
900520.0,1.4383078,139.91548,147.99487,170.27618
905532.0,55.06185,116.695145,168.42342,109.75142
910558.0,56.11849,157.71228,130.65857,52.0635
915573.0,24.472094,115.728935,36.293472,142.20865
920583.0,81.33261,174.21185,12.091303,64.43083
925598.0,160.07268,76.04339,101.79322,67.43747
930614.0,23.921835,130.68993,29.982925,47.161865
935627.0,108.489075,2.3667574,177.58116,154.81775
940640.0,151.54515,120.30864,148.09767,184.0515
945652.0,85.49394,3.0415654,43.970108,141.32793
950665.0,105.14251,18.943214,57.894264,193.4813
955675.0,81.03124,110.87824,25.35013,43.944466
960684.0,153.62202,66.938034,107.5304,145.98161
965698.0,143.60355,24.057447,70.18297,101.86303
970713.0,66.622246,26.407671,0.7136941,109.03109
975723.0,105.67459,33.98175,136.11229,138.73349
980733.0,120.614265,74.83124,46.337963,13.288652
985745.0,151.77747,71.23515,185.83524,82.1705
990758.0,184.27263,38.070915,59.570004,84.64915
995771.0,102.30831,71.31653,84.73288,81.1217
1000781.0,190.95822,114.57884,116.028786,92.9587
1005791.0,188.52415,138.57138,157.85818,21.246696
1010802.0,199.31992,97.438835,42.925392,130.92134
1015820.0,28.053057,69.75347,111.73216,54.279125
1020827.0,67.43647,62.022804,194.50877,55.673565
1025838.0,75.263214,87.906204,55.500076,29.415405
1030855.0,121.58356,154.42383,103.88872,100.69919
1035867.0,17.127037,132.76125,66.351234,43.093536
1040880.0,87.625465,89.46148,29.28437,97.20166
1045895.0,12.755405,155.60965,135.70769,108.09581
1050906.0,171.19466,46.936916,19.97261,31.746792
1055916.0,133.56609,174.6087,5.538273,183.72963
1060936.0,122.23648,40.94895,115.68782,110.93386
1065951.0,51.089455,160.74536,158.2564,105.91081
1070966.0,0.16075373,129.46448,62.950695,104.048454
1075979.0,140.70395,145.18504,59.011448,109.29422
1080991.0,167.75557,29.969656,82.78042,91.09575
1086012.0,122.13234,65.4925,65.78494,43.16684
1091032.0,185.18282,11.911273,156.47116,56.308235
1096050.0,141.31921,1.2188435,20.554733,48.638557
1101061.0,149.78935,147.77,9.590376,36.167206
1106068.0,13.349283,188.60728,13.891339,186.73656
1111079.0,33.131123,121.9908,69.0829,156.17255
1116091.0,192.35475,149.67732,175.70288,85.329185
1121100.0,103.52245,20.627762,144.34142,72.040924
1126109.0,111.899475,22.705305,186.44597,107.3757
1131123.0,190.58595,54.444168,40.33054,68.70732
1136137.0,48.116386,139.12701,125.97183,33.818542
1141147.0,147.69315,4.3408394,149.32822,164.4509
1146156.0,197.91405,56.145763,81.27838,1.5051126
1151167.0,198.84964,120.36896,87.57456,17.660606
1156176.0,35.85676,24.837076,19.790697,39.846336
1161189.0,118.4931,54.21642,44.095253,40.202095
1166203.0,15.862406,50.29925,1.3935924,9.4895
1171213.0,185.83578,159.9391,91.19269,84.04219
1176229.0,117.65058,83.40658,50.29179,62.10339
1181241.0,179.79796,158.84198,69.57494,186.7328
1186256.0,2.9131055,72.979866,136.87474,112.44391
1191269.0,136.24246,131.79716,5.8190346,136.55142
1196287.0,42.46782,2.6969314,130.11467,42.188667
1201298.0,176.1345,75.91915,145.84163,49.540592
1206308.0,3.1957388,38.823235,72.62779,39.599384
1211321.0,31.415188,42.400253,195.2769,138.3842
1216331.0,142.35074,122.850784,103.380714,19.891262
1221340.0,144.79106,158.44196,46.137512,197.00342
1226351.0,46.869827,157.39154,7.124901,68.25886
1231363.0,0.30614138,28.600811,138.86188,24.950922
1236374.0,176.6013,154.17854,104.99432,100.82811
1241390.0,53.477074,109.5004,59.826733,72.12692
1246400.0,122.90715,139.78693,17.30249,48.374702
1251416.0,72.935776,56.743397,6.6311,197.03604
1256426.0,77.884964,47.69379,127.426926,33.469116
1261449.0,79.93838,153.99092,166.93404,0.74927807
1266461.0,124.49377,64.55432,154.77042,33.7791
1271470.0,177.76318,151.55899,51.355244,123.93089
1276481.0,104.15738,144.07906,105.14033,2.580583
1281499.0,199.93419,165.51472,196.92409,175.73479
1286510.0,195.95775,53.65522,8.488393,152.09842
1291520.0,74.37136,118.137825,14.789284,1.0709882
1296532.0,150.31992,176.86275,76.80534,96.11844
1301547.0,99.9822,136.74548,94.37779,186.68753
1306567.0,160.12921,159.29337,19.065975,195.38304
1311579.0,162.87375,170.26208,195.91841,56.70879
1316594.0,23.5106,155.58904,35.47213,152.60237
1321608.0,81.27802,31.547344,64.22178,114.71627
1326618.0,155.03867,112.373856,79.842285,63.483727
1331632.0,161.448,128.37975,78.835236,152.15352
1336651.0,135.93648,4.761362,126.84839,146.00221
1341662.0,71.19513,107.12484,19.167496,61.78185
1346674.0,58.859932,33.376705,9.901773,42.205692
1351688.0,93.40375,100.5007,67.90466,170.10902
1356698.0,119.15372,84.34147,105.84181,115.1677
1361709.0,108.77166,44.485737,2.0158172,34.158386
1366717.0,132.004,56.426285,134.18237,148.272
1371731.0,75.19003,9.296703,127.872536,135.64108
1376740.0,113.70175,167.58452,11.522854,94.833084
1381750.0,120.59028,75.49807,105.483864,149.53952
1386760.0,155.27008,67.33775,55.831993,23.127068
1391775.0,46.749092,178.68585,176.5744,64.30535
1396785.0,137.99768,101.99212,70.664215,155.22757
1401800.0,53.457367,144.82275,62.20982,187.32082
1406813.0,192.95984,6.4218044,155.97002,107.61191
1411828.0,35.622513,43.183517,127.90072,181.96718
1416842.0,190.39714,29.164219,90.013214,107.32293
1421855.0,80.28774,195.00282,127.59241,151.58983
1426869.0,159.86151,36.82903,6.009662,79.542076
1431881.0,196.21614,93.30037,132.67448,10.844576
1436897.0,188.32797,89.33109,47.453342,80.74981
1441907.0,45.60124,112.99078,128.12093,166.35487
1446918.0,21.009659,129.21498,127.69771,186.21982
1451928.0,115.62985,20.269192,15.09782,66.30561
1456940.0,98.402824,186.34688,42.211163,31.413437
1461950.0,167.0373,126.3951,197.8524,72.5437
1466960.0,103.12724,63.507282,186.02773,153.91147
1471970.0,127.45857,73.38149,152.42374,158.95143
1476981.0,61.417114,38.92566,14.264965,85.8405
1481995.0,59.29396,87.72725,175.69191,146.30374
1487008.0,46.65594,98.556206,150.18317,6.321466
1492024.0,24.970722,93.21526,95.509026,146.51613
1497034.0,166.1384,193.90164,93.11127,79.28816
1502045.0,196.89734,134.93042,86.132256,8.13452
1507057.0,177.28117,10.4496,7.6663494,174.09418
1512069.0,15.070332,134.03496,77.90495,30.11483
1517085.0,175.79355,127.29431,86.04548,94.64649
1522096.0,182.20795,66.471306,176.10962,42.384064
1527111.0,125.85801,50.273705,66.76986,127.374825
1532125.0,4.449153,38.64535,11.141693,139.37115
1537139.0,161.15987,8.960188,66.113045,59.165703
1542150.0,35.07012,19.27607,30.630947,96.640274
1542538.0,0.0,0.0,0.0,0.0
1547829.0,67.919624,30.7109,71.029495,78.92702
1552868.0,58.507584,61.3881,80.33874,78.83136
1557901.0,87.65212,158.52165,126.67775,154.66808
1562930.0,40.745617,168.91281,164.91183,117.152954
1567961.0,187.3352,173.20773,139.37788,46.243572
1572987.0,18.07679,145.0196,170.5814,20.17677
1578004.0,143.50836,113.85973,59.316433,88.579575
1583024.0,43.648563,127.127304,108.42216,31.376053
1588043.0,137.85272,2.2252202,199.78055,196.99297
1593061.0,191.1066,153.40294,146.48479,181.71153
1598076.0,69.01418,117.03013,83.187294,21.336819
1603091.0,160.27322,147.15382,180.41551,181.69827
1608106.0,191.68956,139.48651,43.19228,11.518681
1613122.0,34.139824,111.14167,55.812668,156.18427
1618149.0,33.86084,125.8275,91.42865,110.82937
1623170.0,75.65602,35.804546,48.624493,143.45346
1628195.0,194.82027,4.312384,91.99761,161.68236
1633213.0,82.68077,182.59889,47.588943,89.05475
1638228.0,84.637054,116.99556,77.65238,7.779217
1643248.0,155.59406,142.15015,76.66087,104.7976
1648261.0,129.97406,30.655647,188.68741,107.3797
1653274.0,174.44992,186.6274,145.56734,34.64414
1658292.0,41.670643,26.631653,18.864965,34.269653
1663311.0,31.185066,136.73381,123.07741,71.766426
1668330.0,16.26588,145.91524,112.28214,136.18379
1673364.0,117.27954,45.931316,190.26797,104.82672
1678382.0,26.644016,13.699508,170.90065,44.854523
1683397.0,128.39914,67.99452,50.012062,36.57787
1688418.0,46.24175,96.68635,4.532969,87.52196
1693436.0,114.93182,118.7153,44.112267,114.16946
1698459.0,146.76495,156.80588,183.39824,136.65445
1703480.0,80.963425,168.55626,60.946156,138.0852
1708496.0,111.12013,56.602955,137.93178,52.792835
1713515.0,114.12047,10.277641,4.187,75.4254
1718527.0,111.27372,144.39781,91.35238,24.846066
1723541.0,14.841091,134.039,37.10735,93.28751
1728556.0,115.01024,1.4286876,107.56175,192.82935
1733567.0,86.01736,112.20336,17.169167,149.28757
1738580.0,6.0679197,168.53645,90.27104,149.95055
1743592.0,142.5858,47.04807,92.04907,28.803253
1748606.0,128.88866,186.55269,178.81938,64.11436
1753621.0,105.52506,166.81369,140.94269,102.30916
1758637.0,102.22622,82.40384,51.969982,33.32778
1763651.0,155.85281,168.99782,13.937402,91.21376
1768665.0,85.115524,112.04639,173.03935,95.15486
1773678.0,141.59694,4.528296,147.43823,176.89651
1778698.0,24.212288,131.69872,188.03581,47.282185
1783714.0,154.34824,72.42622,115.07665,65.182434
1788729.0,163.27155,10.437548,123.053505,104.421165
1793742.0,121.88573,51.796055,11.227524,127.281235
1798754.0,53.540134,20.077969,117.98871,16.186846
1803766.0,99.49731,36.456287,58.205055,78.256096
1808781.0,68.096985,142.35796,180.71518,1.2573361
1813795.0,85.0021,57.25125,78.40314,25.377405
1818813.0,193.68216,118.79955,49.17612,115.03175
1823829.0,31.113445,78.06074,79.09171,121.25475
1828847.0,50.31401,35.220753,108.42004,61.168907
1833862.0,83.66418,133.75085,160.27534,90.43041
1838879.0,72.001076,80.723366,25.42864,181.8027
1843893.0,135.34874,41.786182,74.96603,163.15599
1848903.0,171.1136,50.083946,136.65482,16.894508
1853919.0,152.01955,63.949585,46.41708,46.363403
1858946.0,4.4870734,168.82637,51.509346,10.096979
1863965.0,2.2076607,20.593023,78.31094,89.38016
1868980.0,161.08821,111.856094,19.605087,56.66722
1873992.0,100.42087,67.06872,181.58818,160.72792
1879006.0,199.08136,59.387947,150.38786,38.38217
1884022.0,60.90486,30.467247,85.551155,142.38284
1889037.0,74.39151,88.00055,170.85344,71.07228
1894051.0,150.93623,74.515,101.070404,169.16463
1899062.0,123.36738,130.00217,60.3704,102.30421
1904077.0,31.34855,111.46056,60.167633,193.46062
1909091.0,188.90643,150.89458,11.199117,139.90712
1914103.0,76.87584,12.00596,68.94426,139.28062
1919113.0,112.41099,92.57269,129.11694,166.45102
1924128.0,80.03057,77.81496,179.76968,24.67636
1929142.0,53.20276,108.9994,110.630646,100.45018
1934151.0,159.61581,35.85782,13.839102,177.8495
1939167.0,142.53076,81.44701,11.576927,1.9780159
1944181.0,18.60447,189.82788,46.65569,49.81059
1949190.0,31.065475,141.9975,156.48239,88.54461
1954200.0,126.0008,121.09213,106.68739,135.24042
1959216.0,146.77979,156.84605,28.874647,26.501572
1964231.0,133.4328,70.114586,31.393946,153.24486
1969247.0,144.37527,25.05362,29.80653,193.90318
1974261.0,79.60631,49.017693,175.01488,110.98236
1979277.0,97.920074,33.745502,95.175575,172.66696
1984292.0,84.38492,36.923565,168.9548,175.68352
1989308.0,65.12226,177.35542,121.991585,21.040653
1994327.0,89.14229,91.94365,198.29745,14.369965
1999340.0,134.6709,96.364845,169.5649,101.79671
2004353.0,161.16655,77.161476,76.92519,25.620115
2009363.0,157.3342,120.09017,73.65884,197.23975
2014377.0,147.27898,142.68033,178.91626,84.01714
2019388.0,57.01239,8.420825,39.96959,129.0258
2024403.0,35.462284,131.78381,15.3370495,45.454754
2029415.0,119.70071,179.0138,167.8677,118.95722
2034428.0,63.176357,86.483826,133.24222,120.26456
2039442.0,166.32545,79.30111,96.155014,76.33006
2044455.0,197.17235,16.20754,57.64071,111.16837
2049469.0,29.674316,116.768394,59.661613,78.07598
2054480.0,101.99856,63.100708,197.38106,34.347523
2059493.0,76.14941,196.31473,198.82768,119.85368
2064510.0,113.02483,148.402,192.35455,194.46066
2069522.0,39.82992,30.10459,173.98526,159.40974
2074535.0,34.69428,116.56909,92.11044,168.2303
2079549.0,169.33853,183.17542,1.8751025,147.94247
2084560.0,195.84474,107.31411,24.922228,166.25746
2089570.0,27.263844,97.16485,154.00488,150.8663
2094578.0,111.324646,180.4323,41.540028,89.01317
2099590.0,27.398895,94.874,134.7741,196.2888
2104603.0,122.76092,94.28461,199.30853,70.49401
2109624.0,146.81354,9.984183,191.86256,157.67578
2114641.0,121.21961,196.02141,90.02613,11.818552
2119654.0,7.7863693,9.0963955,102.19885,176.5947
2124664.0,90.63226,20.110905,108.865486,147.08041
2129679.0,88.879486,177.36432,123.89575,62.090088
2134691.0,153.24432,11.46276,11.871815,55.062317
2139703.0,194.94762,124.34306,7.8599334,165.1592
2144713.0,46.974457,190.41344,115.9995,132.95547
2149726.0,92.63035,33.27763,22.35353,19.959808
2154742.0,119.45648,159.06703,58.3441,182.01662
2159754.0,0.8847594,24.906492,59.605453,167.79636
2164769.0,184.66841,11.961353,150.17116,20.135094
2169782.0,15.372634,35.957207,65.64062,35.594738
2174794.0,155.43614,58.75573,36.539124,132.57054
2179809.0,141.02536,22.862827,62.81576,127.48989
2184823.0,38.73168,192.61395,3.7587762,99.66162
2189834.0,8.866226,192.82906,119.120476,106.31445
2194846.0,60.56913,45.18155,64.62684,99.09464
2199859.0,161.17879,137.23389,159.12282,191.19113
2204875.0,173.43413,157.5341,95.316925,170.36028
2209890.0,3.3668995,196.44302,108.50875,78.09497
2214905.0,191.56526,66.198944,198.0062,150.31583
2219935.0,141.36028,120.47585,117.485466,102.16613
2224950.0,98.03909,54.329918,119.76125,41.308975
2229966.0,50.177216,106.558334,117.8883,3.7178874
2234980.0,72.49273,150.34094,170.90245,57.10875
2239994.0,52.26382,192.45085,134.65202,34.29829
2245003.0,99.451294,169.78082,55.010857,106.92781
2250019.0,23.486864,163.54027,194.37701,44.82826
2255028.0,34.60984,190.95857,147.93741,24.109852
2260044.0,90.16542,192.0377,152.04128,34.753014
2265055.0,130.05269,30.80442,44.619358,23.594357
2270067.0,32.28394,168.22409,91.47985,9.3073845
2275079.0,49.275364,44.679188,30.204117,81.060555
2280102.0,166.0376,106.538155,146.0731,91.41024
2285117.0,139.00764,112.32026,125.926056,166.69115
2290131.0,143.11812,113.402466,33.155952,65.36671
2295147.0,167.21873,191.83981,110.37727,137.78557
2300163.0,174.65663,189.0346,98.9802,91.47135
2305175.0,85.31848,124.66691,23.258316,196.99152
2310185.0,64.49725,2.0927906,30.63265,23.76932
2315198.0,27.451384,56.551933,121.39049,156.71278
2320215.0,119.48376,123.85591,7.1318984,187.64667
2325230.0,120.91289,103.22844,75.71649,115.290054
2330247.0,93.69848,37.740433,133.99701,29.58498
2335262.0,149.10042,134.05376,173.21161,146.84093
2340277.0,19.101513,150.30728,133.90152,138.3297
2345289.0,82.04418,172.92664,19.072628,34.18398
2350302.0,76.7751,21.514297,50.596725,154.88524
2355315.0,169.44589,123.00646,122.247604,133.06117
2360329.0,170.98653,104.820526,164.10835,38.16458
2365345.0,77.28598,110.23526,191.31415,145.9116
2370357.0,182.54054,41.850937,12.281084,33.78459
2375367.0,41.443085,110.39045,167.90993,104.73902
2380379.0,198.39987,191.68109,167.06567,105.41269
2385392.0,10.402191,75.37238,181.36385,15.154207
2390418.0,141.31062,191.40344,23.513771,131.23427
2395429.0,54.010605,106.65794,120.871925,197.4627
2400445.0,156.17662,142.48792,125.26592,42.524887
2405460.0,126.373825,137.32733,190.50737,175.70746
2410469.0,49.185383,96.55143,72.38829,86.974464
2415479.0,188.36618,78.798256,37.5492,11.86434
2420494.0,21.19522,74.50244,35.734344,136.32562
2425504.0,118.86383,64.378265,26.05951,59.92887
2430513.0,88.651634,94.628105,136.5776,26.051771
2435524.0,173.69081,78.97186,165.33461,23.420025
2440534.0,143.30855,8.043098,41.082348,114.21502
2445547.0,187.40106,102.756836,96.80049,139.86726
2450559.0,166.28766,144.02116,66.249016,177.30763
2455572.0,55.402946,116.369484,193.11868,87.1353
2460583.0,82.517555,53.081383,97.291794,22.795332
2465597.0,82.564835,116.11594,29.713476,8.98056
2470608.0,118.35116,2.3032308,75.97573,191.24426
2475622.0,139.3237,69.95275,51.627098,91.022026
2480637.0,108.16888,125.19587,135.26155,45.327938
2485653.0,27.45117,108.457016,177.55472,183.34843
2490664.0,185.03178,57.548477,27.676142,198.67432
2495677.0,25.014423,189.73218,158.1062,62.27305
2500688.0,85.95754,101.04044,123.14743,24.427187
2505700.0,53.702057,3.1730413,136.78732,51.285576
2510711.0,104.149376,47.991417,136.61229,101.56045
2515727.0,91.56793,184.23921,49.88793,80.04087
2520741.0,128.51614,173.48283,86.52689,106.39729
2525751.0,140.37888,0.8635521,45.410202,50.262215
2530762.0,25.079453,155.18436,182.47862,37.451138
2535773.0,49.134575,141.84824,1.3654828,198.72656
2540786.0,35.371746,16.569878,193.41968,173.61852
2545802.0,193.96144,88.5778,80.21315,0.038051605
2550824.0,93.68674,5.8095336,157.61226,8.918774
2555839.0,19.464397,183.60506,68.91074,35.685158
2560850.0,198.05164,20.475674,61.195637,181.38893
2565863.0,157.75368,123.14245,22.9895,170.91576
2570874.0,9.04845,167.30229,134.35622,119.4067
2575890.0,58.746708,195.21777,58.264946,127.253876
2580904.0,96.11925,106.58891,92.401054,165.6281
2585917.0,188.97731,161.22995,15.23757,116.02035
2590928.0,102.748314,172.44165,183.60669,106.89093
2595944.0,86.02823,35.86681,158.93367,7.009268
2600958.0,159.92165,82.8956,96.53464,137.84857
2605974.0,91.83479,158.82397,70.88208,146.51074
2610986.0,141.5226,158.06427,26.575554,116.76329
2616001.0,30.491138,71.4897,40.11754,10.159683
2621015.0,25.82947,149.81345,104.80449,133.80203
2626028.0,44.822765,12.7379055,166.5469,178.62962
2631041.0,104.03951,53.058304,151.79959,105.34181
2636054.0,60.872173,130.19748,52.709793,57.979156
2641067.0,59.750973,16.634178,134.89731,132.20572
2646080.0,110.57718,166.84302,178.91028,131.49803
2651092.0,32.593082,100.79317,179.4274,115.414955
2656106.0,10.304141,27.478552,31.891977,126.18911
2661120.0,74.7012,138.72993,112.79094,9.955859
2666132.0,66.531456,55.662178,188.67377,104.56073
2671143.0,110.4929,151.14182,104.81559,115.22566
2676156.0,159.86105,58.84645,44.85904,151.19414
2681172.0,18.207539,35.680233,8.641839,150.23398
2686185.0,144.66891,107.98563,120.67636,13.588751
2691200.0,165.93088,7.2512627,103.46512,142.30171
2696222.0,194.08806,107.58764,78.20513,178.07779
2701238.0,55.33298,100.47546,93.77821,169.9128
2706250.0,118.650566,83.16499,139.68471,14.145315
2711262.0,53.10633,162.21812,29.329277,143.53842
2716277.0,191.7976,65.26574,109.5012,4.265189
2721293.0,123.09835,159.95323,75.83067,82.6674
2726313.0,26.599825,162.74171,71.39095,91.42139
2731325.0,11.390591,110.82506,188.52455,152.94012
2736336.0,165.41277,112.638306,57.595764,22.758114
2741348.0,82.08462,96.62412,119.03106,64.19841
2746358.0,67.82502,70.06624,168.14929,45.34714
2751368.0,153.3124,71.49459,20.475506,98.42645
2756385.0,112.13949,58.64247,156.1702,18.849289
2761401.0,40.99673,92.042625,6.711209,35.973213
2766426.0,61.761307,140.56415,188.98259,149.88542
2771450.0,82.1454,3.6163688,168.525,179.11002
2776464.0,190.2483,185.10565,145.07942,124.22182
2781481.0,79.97005,101.87976,153.0325,133.89139
2786491.0,107.41297,115.3056,13.390255,15.413761
2791501.0,89.878975,55.40428,72.04103,4.4513226
2796510.0,83.747604,94.83761,124.00973,182.34013
2801526.0,48.40076,22.853756,20.977747,178.28085
2806535.0,131.57745,80.53407,58.488632,33.100937
2811549.0,36.35341,27.439594,62.051426,136.69753
2816560.0,68.72883,110.76021,162.9846,29.038774
2821579.0,163.0814,61.67469,153.63641,111.63067
2826597.0,64.132515,25.811005,19.01511,30.184353
2831610.0,60.34118,87.05635,192.43748,128.01102
2836621.0,144.66563,23.730873,14.250016,42.21505
2841634.0,182.42294,66.15975,75.81473,20.467068
2846648.0,28.667402,143.43231,99.72737,15.054703
2851659.0,123.355034,18.725336,88.71812,193.69435
2856672.0,43.94771,36.716225,120.07027,164.53204
2861684.0,182.54433,28.674911,173.00143,7.7786803
2866699.0,186.73972,41.773212,159.72878,141.05383
2871712.0,36.964478,145.59277,146.45546,112.917366
2876727.0,182.9308,2.9720306,160.96585,53.03813
2881738.0,11.011171,22.05981,104.72116,32.397415
2886749.0,124.03891,95.21732,38.25139,67.892365
2891759.0,74.40183,107.33017,61.313354,198.35329
2896768.0,67.78405,105.88584,38.924385,59.609177
2901782.0,144.00452,78.19148,159.30592,81.74104
2906793.0,116.737785,3.3267856,181.42767,149.59317
2911802.0,117.239044,129.45126,122.799934,26.12958
2916813.0,118.41596,178.13832,40.11593,196.11977
2921827.0,122.70095,169.34373,7.116413,94.32399
2926840.0,66.31324,81.90907,139.58221,127.866936
2931853.0,137.91655,69.25273,153.72548,67.50001
2936866.0,123.76026,107.83981,171.64401,88.24973
2941878.0,194.6456,102.49809,159.2444,98.44233
2946893.0,141.11755,58.637226,154.57487,59.8261
2951905.0,68.905464,173.53445,27.40693,13.64423
2956920.0,191.70284,29.298174,116.86343,171.83215
2961933.0,35.898792,186.76265,88.72708,83.43935
2966953.0,12.981272,195.87943,106.72616,58.943523
2971964.0,159.28429,133.25601,144.65018,35.001003
2976978.0,106.93103,46.074272,103.796364,35.649097
2981991.0,79.73817,184.05502,21.305107,169.9581
2987004.0,27.129257,13.39438,140.85667,78.161896
2992014.0,169.51152,70.28535,102.54141,66.54135
2997029.0,59.98659,83.98123,31.177748,64.58138
3002043.0,27.696955,103.20596,52.755238,95.586716
3007054.0,93.69083,133.54863,140.9714,14.060366
3012066.0,5.1751137,141.39597,37.07894,60.38793
3017081.0,160.80345,121.68388,46.661316,187.01857
3022097.0,168.72012,47.63924,99.82885,82.303345
3027108.0,139.08546,21.712101,73.120285,60.984505
3032118.0,40.50044,94.669,171.67639,197.18686
3037131.0,0.011622906,96.5545,21.717632,180.43553
3042145.0,182.21936,176.78474,41.827904,2.1264553
3047156.0,5.565274,44.48812,65.96643,94.045975
3052169.0,32.397697,163.45625,153.56894,97.638145
3057182.0,171.28848,33.441128,17.755068,39.041615
3062197.0,150.80826,91.38069,59.84907,7.3769927
3067208.0,137.19533,118.43416,148.5929,109.897934
3072221.0,175.83017,133.06049,10.153425,125.59117
3077232.0,118.038605,194.00485,87.99544,157.40906
3082241.0,158.49884,2.8210878,30.72778,41.958736
3087253.0,40.553402,71.92953,15.079641,4.192734
3092271.0,101.28447,65.28937,7.2939873,124.11134
3097287.0,117.68356,94.281975,9.635019,133.98639
3102299.0,100.14099,96.70507,82.71317,100.06274
3107315.0,158.43005,92.84637,35.381794,14.627838
3112327.0,65.124115,16.039062,141.62416,175.9241
3117339.0,66.84276,88.12777,190.8227,48.40356
3122352.0,177.88551,150.74394,69.905174,148.70256
3127368.0,44.81053,84.68,182.04019,8.486533
3132380.0,33.607746,131.06393,48.876835,29.64275
3137393.0,180.6866,64.19765,46.986042,116.474625
3142405.0,10.452593,117.1826,172.48515,80.486145
3147420.0,179.41963,3.7950754,192.25598,43.579376
3152432.0,11.352944,155.0886,160.2733,83.18605
3157445.0,169.7434,54.12228,191.03696,76.80463
3162460.0,130.98654,29.89111,79.77121,113.0309
3167476.0,10.110819,100.443695,134.86009,81.49284
3172488.0,15.027321,39.418266,189.00264,65.79224
3177499.0,107.44103,199.53278,31.987846,112.906586
3182510.0,99.27835,46.283195,63.129414,101.42797
3187526.0,61.380814,36.21173,1.7089009,182.05133
3192534.0,143.04774,183.20427,78.82272,10.0353
3197546.0,51.664734,175.59221,26.509785,164.73506
3202560.0,104.13704,84.21745,95.772316,80.16218
3207572.0,197.29092,100.54959,193.03764,157.89886
3212586.0,42.0692,93.52018,196.81389,155.24995
3217603.0,133.61232,18.689728,77.9637,133.54243
3222618.0,181.69125,164.03783,26.475847,0.8937359
3227633.0,177.07634,199.04381,16.302347,118.10651
3232646.0,121.04443,99.40555,2.316916,73.77173
3237662.0,77.22793,155.95358,27.436089,133.96425
3242677.0,25.402296,15.909445,64.24595,82.507996
3247689.0,91.72479,136.0855,168.04199,179.7121
3252699.0,113.63561,5.033028,74.08621,161.39801
3257711.0,162.49565,84.23918,31.310308,197.23975
3262723.0,13.569773,162.60616,80.96619,39.839577
3267736.0,119.80544,164.59206,18.291782,76.09825
3272751.0,39.75935,17.155325,27.689589,83.4767
3277769.0,95.87434,196.24847,69.904724,79.473915
3282783.0,130.11124,137.90591,89.05752,107.477036
3287794.0,90.82983,25.438381,167.07904,41.11501
3292803.0,67.04625,131.98811,105.18587,18.028522
3297814.0,101.15469,101.43702,81.709076,78.84731
3302830.0,104.39691,150.75038,101.18158,25.0543
3307844.0,194.42552,149.25377,192.53282,197.8534
3312859.0,22.996212,16.685368,69.111595,187.30919
3317873.0,194.02008,39.364838,67.75021,15.679932
3322884.0,145.92102,155.32498,29.018616,0.43529272
3327899.0,23.604225,143.24083,160.13857,130.97607
3332913.0,158.61084,70.563126,82.8081,19.21792
3337925.0,53.59199,33.147358,160.61847,179.25522
3342936.0,99.59056,137.21545,128.15143,117.19773
3347951.0,190.4052,135.67256,112.668976,171.51137
3352971.0,14.284145,1.2280345,109.12009,129.9582
3357986.0,154.24187,80.662796,102.68589,95.31063
3362998.0,97.41317,75.79745,146.08649,102.82256
3368014.0,2.1955252,0.72391033,10.322547,173.01698
3373029.0,88.73282,100.767044,9.497046,169.35744
3378044.0,70.95015,131.17197,28.04773,18.10106
3383057.0,32.36508,93.01533,180.4435,23.995268
3388070.0,136.90842,136.29416,40.600647,8.019495
3393082.0,61.74718,57.1542,175.52887,20.251358
3398092.0,121.49396,45.007133,92.71815,100.9411
3403106.0,30.220581,148.70616,104.34473,125.4251
3408120.0,105.50056,117.47614,67.45483,63.6361
3413130.0,171.54439,186.03117,174.94666,93.33981
3418143.0,158.74467,183.9858,147.61179,49.132633
3423154.0,145.12407,92.62568,66.035225,78.58876
3428166.0,139.91011,198.32872,39.235306,65.284645
3433181.0,197.50478,18.017424,144.12013,108.91982
3438198.0,176.35654,130.20595,98.842,109.183945
3443209.0,154.68608,133.33182,19.76527,156.80458
3448221.0,194.79645,84.60882,24.971973,7.3882937
3448607.0,0.0,0.0,0.0,0.0
3453922.0,1.1426687,133.55223,155.39825,193.01775
3458975.0,81.26179,132.82924,179.7812,134.60953
3464007.0,35.357834,91.51643,97.18865,152.8278
3469045.0,146.41176,197.38652,136.9746,133.0482
3474071.0,22.376358,150.98709,35.851143,45.799255
3479095.0,65.20649,184.92868,181.52911,122.62901
3484113.0,135.30942,117.88553,94.075,9.746731
3489150.0,123.70642,198.49573,2.0302534,172.50584
3494166.0,59.45406,160.04062,28.911924,95.37711
3499184.0,177.31937,74.92983,100.480965,132.52278
3499566.0,0.0,0.0,0.0,0.0
3504875.0,4.5483947,164.98753,62.503124,135.4586
3509919.0,188.4561,41.522003,117.52585,24.913288
3514958.0,109.43917,123.46683,103.0259,97.018745
3519987.0,39.588737,181.80727,176.2524,45.251392
3525019.0,194.80153,130.7038,168.69142,136.80434
3530037.0,190.77484,125.08638,107.17722,48.046185
3535054.0,171.45557,39.592205,44.62333,23.646212
3540069.0,42.84569,111.31109,183.70125,127.142044
3545089.0,81.05263,171.31793,182.39241,52.67173
3550109.0,1.3088465,172.68405,61.24184,196.55042
3555124.0,30.813622,98.10841,115.107895,59.94655
3560145.0,132.24197,41.660465,72.11393,2.3295164
3565162.0,89.31792,190.16597,72.373245,187.47144
3570180.0,56.779587,154.91171,170.01012,73.066666
3575195.0,163.3197,138.63223,33.295883,170.58609
3580231.0,59.735634,71.836044,146.74185,38.534782
3585250.0,50.76381,62.719284,151.24863,30.183292
3590273.0,116.22556,113.11582,117.53724,172.07126
3595289.0,196.61852,36.682858,185.838,43.739
3600304.0,124.721695,42.984425,151.073,19.45361
3605318.0,165.83815,131.10161,85.54257,142.01448
3610335.0,75.79598,168.28029,106.551765,165.52333
3615349.0,91.71331,152.96558,178.74236,32.38926
3615744.0,0.0,0.0,0.0,0.0
3621039.0,9.969425,175.64378,84.67343,37.800564
3626079.0,98.635956,78.710686,98.26215,91.746506
3631113.0,155.9131,75.448456,125.93448,13.716518
3636142.0,124.82378,26.122427,99.52111,1.0000825
3641173.0,19.699944,61.51545,61.961494,138.2771
3646194.0,3.029704,93.845406,179.95569,53.059612
3651215.0,102.17472,126.39321,154.84503,3.9172173
3656236.0,99.97955,150.4469,99.328575,134.2522
3661256.0,70.841156,150.97375,109.14868,155.47025
3666276.0,103.9338,70.2719,47.616707,14.055133
3671296.0,38.656258,194.10608,46.521904,147.4954
3676313.0,55.273903,48.00782,144.92732,97.55056
3681333.0,128.08116,121.15184,88.58092,82.42476
3686352.0,11.749887,98.263756,113.76014,41.61277
3691369.0,137.02037,81.2547,72.551285,171.18675
3696400.0,123.322,54.721104,119.690704,128.92691
3701415.0,47.69571,4.228306,87.64199,176.90797
3706429.0,156.56856,172.6704,105.652275,66.00664
3711443.0,175.16489,55.349876,64.84753,77.49008
3716456.0,4.9208164,34.25667,155.34453,99.69961
3721473.0,139.10936,59.97981,178.85129,114.30467
3726489.0,48.524902,57.513844,112.89938,31.239582
3726873.0,0.0,0.0,0.0,0.0
3732173.0,16.820538,156.76172,90.40466,103.45286
3737214.0,173.6746,61.343338,178.90926,107.23828
3742246.0,147.24385,13.650381,150.45071,111.137596
3747271.0,21.48249,180.29474,161.54146,8.158743
3752298.0,129.94496,1.6752005,114.59458,117.537544
3757321.0,45.4623,68.65678,55.789925,184.42522
3762346.0,100.96735,99.07142,153.73543,97.843254
3767370.0,148.01247,140.03934,97.07902,14.043701
3772394.0,137.15431,119.47679,36.848976,155.72365
3777412.0,19.231213,193.17062,76.19457,190.03592
3782431.0,186.01115,127.186905,51.55549,66.30164
3787449.0,188.25099,29.494488,183.43372,104.67964
3792466.0,62.5126,25.497961,133.31544,97.32143
3797483.0,66.88757,51.292324,170.46724,131.90234
3802496.0,149.9708,123.099365,116.00275,132.6588
3807522.0,65.00379,4.373789,32.60634,185.59274
3812535.0,178.21202,21.954536,10.5513935,162.36545
3817550.0,121.24697,133.48213,61.23544,162.25945
3822571.0,94.69347,89.83551,168.56627,74.726746
3827583.0,63.32582,3.911388,19.49358,38.379333
3832599.0,192.82387,81.65292,94.23426,188.352
3837615.0,88.75128,109.43438,153.85684,85.94328
3842627.0,116.63466,155.95004,130.56735,96.1049
3847642.0,139.97276,134.49182,170.09473,94.11986
3852657.0,122.08129,196.40558,64.95425,157.72113
3857674.0,37.10003,167.69482,174.14377,40.62258
3862688.0,42.637108,192.917,74.19281,174.24922
3867703.0,126.90762,74.04395,106.76179,143.27977
3872714.0,180.47481,62.812305,160.6208,4.9895287
3877742.0,108.57767,24.870337,185.39676,40.47041
3882755.0,24.41349,99.96503,118.65747,146.39551
3887767.0,4.6438575,57.35533,107.52432,198.50346
3892786.0,81.9423,28.06356,115.01418,182.4406
3897804.0,159.85777,89.58698,66.778496,124.68194
3898201.0,0.0,0.0,0.0,0.0
3903497.0,177.4589,41.450203,104.07902,185.99992
3908536.0,67.943954,143.94655,129.6863,152.0937
3913579.0,99.134315,19.168425,80.82173,141.68301
3918606.0,158.2106,40.982853,197.2226,22.307407
3923636.0,73.2716,119.17529,82.85588,199.23393
3928679.0,65.07038,41.661774,193.48996,160.6379
3933704.0,32.782734,90.55157,88.65119,127.74461
3938722.0,144.64545,22.40225,130.78658,71.86248
3943736.0,151.26974,157.99387,182.34953,93.353714
3948768.0,182.9965,79.454865,43.067444,186.76117
3953784.0,50.19865,177.32721,110.0309,187.82869
3958802.0,182.45941,187.51328,10.787272,148.93124
3963818.0,142.69635,183.97823,135.76901,197.00928
3968833.0,87.31783,89.19195,115.71185,160.64372
3973857.0,143.27324,87.80844,89.91425,19.201672
3978873.0,195.39964,102.852165,183.07693,126.44395
3983889.0,58.90734,156.18414,45.987118,133.65135
3988901.0,16.443396,190.35928,165.54431,113.86274
3993917.0,169.30882,196.88533,162.76031,140.51201
3998930.0,158.58835,161.7062,76.72461,162.51886
4003945.0,2.8158188,3.4332275,84.55347,46.26678
4008962.0,51.099754,110.039505,91.60711,116.05706
4013980.0,119.2564,57.642376,105.45915,52.3471
4018994.0,144.44882,68.4759,197.05682,125.78058
4024011.0,22.243118,97.679535,72.16485,119.73368
4029026.0,68.12447,59.19888,197.60966,180.50072
4034041.0,140.75049,154.6386,125.2302,128.61305
4039057.0,72.06184,165.67633,160.11667,54.040207
4044072.0,143.45778,36.617123,60.124565,29.702318
4049086.0,129.33052,0.44186115,115.35861,29.991318
4054100.0,79.22261,196.50647,127.02521,192.64345
4059113.0,135.73317,163.73402,25.57267,62.743507
4064128.0,173.18384,58.184456,82.321594,196.90826
4069151.0,106.22258,192.38916,73.90317,64.459625
4074173.0,150.37459,195.52582,54.96664,181.94331
4079197.0,138.5541,83.7353,35.108532,169.59354
4084210.0,107.35954,59.622063,97.26119,175.82384
4089227.0,191.34677,145.8357,46.427155,121.706604
4089692.0,0.0,0.0,0.0,0.0
4094991.0,57.818413,42.25855,32.160545,56.818317
4100033.0,35.850834,49.481964,170.62073,177.98534
4105061.0,16.884731,58.595596,9.391403,5.1960707
4110087.0,150.03946,91.17572,88.79611,94.89056
4115114.0,115.236984,146.94606,165.44333,106.865776
4120137.0,197.8383,191.69669,161.59366,134.17741
4125154.0,104.91225,193.51207,158.69969,95.77254
4130172.0,45.39192,5.754924,145.17923,152.31676
4135191.0,85.98959,31.715942,54.13959,180.01437
4140206.0,170.35497,109.89263,38.52353,39.79106
4145222.0,110.92602,8.824671,165.91112,33.646214
4150241.0,107.212875,197.73361,150.524,198.04553
4155261.0,52.473534,98.46081,144.00496,175.79654
4160273.0,20.115162,63.06534,188.07382,190.93756
4165287.0,94.534256,50.75402,190.606,61.90716
4170303.0,66.97233,191.51201,62.080456,90.90529
4175319.0,159.41174,168.9576,172.3638,104.289925
4180336.0,188.29448,181.75188,29.726458,160.5839
4185351.0,20.268393,54.674755,6.738162,37.82686
4190364.0,105.22578,173.67747,143.80368,37.35659
4195377.0,164.20013,73.40995,43.738808,151.5227
4200390.0,43.455708,173.59282,163.74113,121.33424
4205405.0,69.191574,157.98038,38.793076,117.75216
4210421.0,13.164627,35.486782,97.986206,6.5161586
4215436.0,37.31594,89.393486,118.13936,68.42651
4220447.0,169.88759,82.61744,193.68741,140.39183
4225465.0,86.89598,173.11662,75.05788,190.93733
4230477.0,57.15717,135.08707,67.166374,49.001648
4235491.0,47.943367,63.234962,3.414774,46.617844
4240501.0,189.01227,46.783257,177.4558,22.482002
4245514.0,128.0458,177.81447,74.409424,50.595165
4250526.0,68.93668,149.0067,185.21867,120.37847
4255541.0,19.972778,95.85695,193.07872,94.28938
4260556.0,161.5179,48.30123,110.65407,126.5181
4265569.0,107.62179,129.55417,133.02667,140.44879
4270587.0,134.09259,32.447697,6.5326095,59.99
4275603.0,93.52966,125.11906,141.01108,175.4924
4280615.0,67.87264,101.27788,96.295166,31.79121
4285629.0,19.02362,61.29142,127.43365,165.06503
4290645.0,101.5213,157.91034,192.18613,25.952244
4295662.0,177.18967,186.68686,14.443588,26.09154
4300677.0,114.87622,171.20547,104.68272,179.46516
4305690.0,29.186619,65.47701,0.2791643,102.250946
4310704.0,186.49251,151.68181,82.01995,137.0943
4315718.0,126.03584,185.46014,16.635275,9.67319
4320732.0,65.905235,170.83176,77.40072,65.15781
4325749.0,10.868692,123.401276,105.25969,5.7943344
4330765.0,189.98776,197.7196,31.518984,122.625984
4335779.0,130.71446,59.59121,20.644224,26.688778
4340791.0,42.50876,26.940132,179.31332,8.390141
4345802.0,122.2641,86.894295,77.59148,36.830044
4350816.0,106.966995,28.461552,42.407192,30.31361
4355827.0,52.645695,69.12497,105.60168,140.11414
4360841.0,95.01012,62.571907,52.481224,174.68422
4365850.0,94.09998,169.41354,146.43828,12.112797
4370862.0,146.21965,72.09299,65.862,93.945435
4375874.0,90.54518,191.29182,36.894943,30.9062
4380894.0,89.77136,189.2216,175.90077,176.09131
4385908.0,134.37218,153.5498,55.70085,7.478082
4390927.0,34.45659,75.802956,7.254672,110.86782
4395940.0,13.412989,54.484512,181.66505,46.5384
4400952.0,110.77658,53.536606,84.97209,25.931501
4405963.0,10.876298,171.98288,9.574604,4.7722816
4410978.0,127.2988,174.56029,111.32276,130.37355
4415994.0,45.146107,92.95046,1.0258555,55.89584
4421007.0,23.1902,133.05264,54.602455,73.52593
4426018.0,121.69067,168.9183,109.28145,20.533287
4431032.0,99.81952,24.94104,56.68093,103.72331
4436048.0,135.93065,54.230606,110.41039,173.81163
4441063.0,96.546844,25.4959,99.851135,194.70291
4446076.0,13.766945,199.03607,197.38232,4.7028303
4451092.0,39.29565,73.5384,138.57645,196.58182
4456110.0,5.5701375,41.376053,149.45097,68.52557
4461124.0,35.22854,26.183558,198.02206,163.85934
4466138.0,59.785126,170.98311,76.07644,47.651863
4471150.0,12.82506,79.486374,168.79553,114.64976
4476160.0,193.90616,121.97387,152.79921,15.346479
4481175.0,13.886011,138.05347,86.11045,183.35847
4486186.0,53.428795,92.4402,115.893684,83.80006
4491199.0,32.465733,60.628498,171.6268,43.272697
4496214.0,3.4873247,186.01321,163.29234,109.7993
4501225.0,165.45988,108.85465,37.509655,196.0453
4506235.0,133.23706,123.794975,121.18632,130.11095
4511243.0,190.55322,82.862816,4.7881722,51.80837
4516258.0,69.643295,184.62288,78.871826,103.538445
4521274.0,19.45833,140.02962,71.884605,56.661022
4526285.0,95.18952,197.45213,168.82611,147.74368
4531301.0,187.85252,162.19438,84.22333,63.533447
4536312.0,143.11966,131.71202,174.6607,176.30836
4541324.0,38.14731,161.81985,102.117905,87.9375
4546338.0,4.180205,9.812093,186.51353,65.142845
4551348.0,127.20066,199.0265,41.674076,141.8712
4556360.0,120.43008,100.544525,191.606,7.2328687
4561377.0,48.3096,19.125664,172.23505,197.15334
4566389.0,64.537094,42.949272,87.104774,150.84746
4571404.0,95.29637,114.22208,193.93488,93.72109
4576417.0,7.0821643,97.27908,133.09215,158.71419
4581429.0,16.229034,162.6517,190.21472,178.93242
4586442.0,159.7432,123.02149,125.363266,174.30052
4591455.0,105.2928,6.466067,152.69562,40.67179
4596471.0,148.83289,143.50565,160.93195,36.223255
4601484.0,63.555943,89.8694,9.59078,80.06661
4606495.0,121.51557,72.441444,193.54163,42.940258
4611509.0,22.849882,0.46069622,153.87926,58.878674
4616523.0,116.13024,149.80975,32.14121,137.26225
4621540.0,71.71031,30.32751,163.75194,152.14342
4626555.0,38.398468,62.841652,22.200512,53.854347
4631570.0,148.30228,105.48418,135.3801,38.387096
4636581.0,76.897,12.396002,167.90332,152.7808
4641594.0,72.478745,19.842005,6.845331,167.7602
4646606.0,164.02701,125.86418,102.67055,148.2784
4651621.0,177.59937,53.84463,42.109333,162.6828
4656642.0,142.81317,14.801717,96.13006,134.32715
4661653.0,72.46151,158.09677,65.19052,126.10601
4666666.0,35.21733,128.80627,197.56348,7.219982
4671677.0,114.673546,138.76024,87.25394,59.25057
4676694.0,24.253166,66.73237,59.024715,190.21521
4681702.0,9.025931,94.186005,53.109848,23.692453
4686717.0,60.039818,172.15314,155.7389,76.48926
4691732.0,157.89273,121.19683,148.65518,121.92239
4696744.0,179.03397,162.0497,27.054096,23.989164
4701766.0,185.42242,34.629894,57.0817,16.014503
4706778.0,86.03138,16.02937,198.13301,59.417713
4711791.0,33.253883,125.194405,129.21303,155.79657
4716805.0,90.13065,87.94397,10.735273,78.46665
4717223.0,0.0,0.0,0.0,0.0
4722511.0,62.573837,184.84871,170.52585,58.13688
4727550.0,154.6813,100.88617,151.73935,115.71422
4732582.0,144.43845,172.02936,180.96426,173.39641
4733015.0,0.0,0.0,0.0,0.0
4738297.0,116.65245,112.46859,182.99661,1.0754943
4743339.0,189.79362,9.786951,198.17722,196.68156
4748371.0,181.63098,163.53036,4.9517393,124.10272
4753400.0,105.48935,127.376305,197.96553,198.37175
4753819.0,0.0,0.0,0.0,0.0
4759117.0,72.281525,159.73367,168.74142,131.75763
4764161.0,85.09151,17.234362,130.2974,199.1963
4769192.0,195.45876,53.11483,35.889782,21.608425
4774215.0,3.0946255,150.48007,134.85909,186.39098
4774624.0,0.0,0.0,0.0,0.0
4779918.0,181.6518,179.86008,95.872246,72.14404
4784960.0,107.345566,42.77184,170.9146,177.92993
4789996.0,103.851715,11.069309,72.79905,179.2601
4795022.0,132.77913,12.576807,160.02919,185.13594
4800049.0,53.68594,159.39203,99.34963,78.89265
4805072.0,154.85722,61.328136,122.50261,45.84557
4810090.0,77.92049,54.563667,104.155495,97.95003
4810484.0,0.0,0.0,0.0,0.0
4815774.0,100.28775,103.30045,63.417862,76.52333
4820818.0,10.606897,141.75572,123.229454,40.56946
4821177.0,0.0,0.0,0.0,0.0
4826465.0,64.333916,94.66455,16.587914,153.04506
4826851.0,0.0,0.0,0.0,0.0
4832139.0,112.08475,91.919495,68.42879,20.191324
4832515.0,0.0,0.0,0.0,0.0
4832881.0,0.0,0.0,0.0,0.0
4838147.0,15.56828,166.71799,187.51517,17.73368
4843192.0,13.829077,170.46097,167.13177,174.598
4843582.0,0.0,0.0,0.0,0.0
